delta,tetha,alpha,beta,gamma,class
0.19077595768102396,0.058922721537231694,0.12936292982808242,0.029849465181608387,0.012988741221210418,1
0.1823176832552325,0.0959670597629486,0.11075206610575328,0.04969272060425686,0.04689060079242295,1
0.18326864012677224,0.07951200473522478,0.1165407969963125,0.048884515931351645,0.049780696413573404,1
0.35145012111924995,0.06677316105284817,0.07214863346055969,0.030012096877862493,0.021886339946876474,1
0.24253599351864646,0.10154836663806481,0.17417277748789625,0.04788996589169038,0.026309502504862158,1
0.14895704163701165,0.07254916484608365,0.09331385430195384,0.04278871602969178,0.03967562215924133,1
0.21108093314616247,0.10505401050935227,0.1371458510301313,0.048901857083469356,0.040938274229057756,1
0.18860097296357653,0.06373902170250476,0.1379545695215931,0.03193176251701863,0.01447945435189852,1
0.06715445744845093,0.02731000172526345,0.038903445350191815,0.01674478378431794,0.009254041595085532,1
0.1485798005359792,0.0900548946359901,0.2242448276011247,0.04434381846679583,0.018261265674641952,1
0.17048223744829372,0.07282558005370329,0.09909254835402392,0.038399020267023055,0.03501701882535113,1
0.18383509014030838,0.07662636213854075,0.07862733234454607,0.047371044717885474,0.048559811118717815,1
0.37197549824842635,0.07607983225949465,0.0778033971291685,0.03394311192099812,0.026329771559577223,1
0.14849800639237373,0.09039867805365018,0.17099958283080746,0.03993555153655897,0.0183107710639357,1
0.1998766785468684,0.10913316483361651,0.20109319244407647,0.052738534611290154,0.030788527766996296,1
0.16762751681958016,0.09892919892048428,0.1890946108919289,0.04560574442462495,0.02100184364746642,1
0.1340154450185936,0.07589951921127971,0.1582936805360596,0.0368957603316767,0.016611455202553915,1
0.11813808348982324,0.030982591578498496,0.03604851875930125,0.017402092814197554,0.011459563533253784,1
0.14126037587528378,0.08805363175880584,0.19855578406018662,0.04618708888949317,0.01848933574790109,1
0.08742819050110408,0.03474450659423969,0.050380243118626725,0.01827863551555329,0.014479808438023208,1
0.100885884688964,0.03982581574915123,0.050565276457377385,0.022655879595769604,0.0195413421674164,1
0.16564806676428526,0.067526650022896,0.15262731272278132,0.0692763146153717,0.014806860383958372,1
0.3908672823686614,0.14539777772683266,0.17095072512276546,0.08939357351466132,0.023927244401923002,1
0.21042406174729386,0.12164996159537345,0.1569299812553007,0.07587858870717253,0.0336165489376714,1
0.4113487895556275,0.0993467459389772,0.1255806777787859,0.08362624131531492,0.025515295262992448,1
0.27296692575306825,0.1302775347712923,0.19573343749312108,0.08665962433385005,0.026750654263088786,1
0.12180836384315621,0.0736652161859871,0.1398438947556974,0.0790883971112811,0.017212062156919283,1
0.22577910701993542,0.1285877310190155,0.2025166825806629,0.08949166941852843,0.027945113016395944,1
0.13490914944734517,0.07236409000168617,0.1585007223566187,0.07227940544079273,0.01639229510607953,1
0.06849342544123097,0.029976680143307087,0.05138337239148891,0.03642094561635326,0.007684994675442245,1
0.9507188701124545,0.11302922634587516,0.24811554294689164,0.09186784790169641,0.022817920422951346,1
0.3285026382746603,0.13028666141035292,0.1346711568002678,0.07882787481378516,0.021421161182725558,1
0.18622434041353664,0.07646990620796232,0.11466381464963679,0.0793368988678843,0.017160258400617585,1
0.4903467059538997,0.11508984038759164,0.14245898331235385,0.08786768093184898,0.02366442280763327,1
0.1928253959622253,0.11390364063704309,0.23670129219894723,0.08534198426463274,0.02401046889634796,1
0.27914390832649044,0.14352216088093614,0.21299509051343096,0.0924238801759584,0.03018159365050652,1
0.2228426046954379,0.13109466927933036,0.2908050059760752,0.09628702983714753,0.027576165942420506,1
0.2237579483546604,0.09939980552384078,0.21484704194091223,0.09049082831510477,0.020075214553469025,1
0.13623704075373388,0.055066386801371825,0.08640609375326153,0.06319866837834488,0.013269193490810351,1
0.6151050785201744,0.12408724679038147,0.2930213109888745,0.09953089703690371,0.026046084244423163,1
0.06752705873652043,0.03661785355070099,0.06231305443979012,0.03902038513912339,0.008666409560327703,1
0.1509766699261306,0.0625502638515194,0.0807214667241361,0.06525407232677512,0.01465513510731536,1
0.07637404377168594,0.03921425082296013,0.03385526684303907,0.010469887223801752,0.0038313923061409298,1
0.3859864820568521,0.1418383844443057,0.1222438634577548,0.04600618902423186,0.03663423535879169,1
0.34462876965576933,0.1573835533971307,0.11867607669981564,0.04681870045266329,0.04073985489321234,1
0.44611801598657763,0.14187283067147688,0.13445691341780247,0.056878803891405906,0.04023419954385512,1
0.29080478808404386,0.18248929039444067,0.13063872229882093,0.044519657988112665,0.021929352302913166,1
0.14686308348797592,0.08246330894915754,0.0838582194506928,0.0244099778807455,0.015237612749305787,1
0.24518667829252036,0.13895215505616532,0.11304119385630652,0.04077550138602198,0.028724619292785768,1
0.12092709259050238,0.07677507530782605,0.06935105326236393,0.019467829205704973,0.007546839185394547,1
0.10203382902941105,0.05007656333316391,0.04403933445357412,0.01317707202204466,0.004642692884240361,1
0.22485224981226318,0.11332132170164291,0.09266273622435414,0.026826171553789167,0.009075282101806555,1
0.46780183789409824,0.15861188849825955,0.12987364043804744,0.043281857318541735,0.029223707828432945,1
0.2628206246601234,0.11842732414011206,0.11094050166522645,0.043178167668668284,0.029977927114409924,1
0.42075000308473914,0.14181507729653825,0.1354313716652354,0.06798153438066169,0.0519190138895101,1
0.22583872566813462,0.15704598673166964,0.11089587482156574,0.03391268048724096,0.014219196060517249,1
0.2534182843970087,0.1746788439207793,0.1286710489799356,0.04072949899897735,0.020474709993125433,1
0.1918911732895921,0.13838053985707233,0.12407601536117481,0.03246817140245725,0.012085567900727906,1
0.10807612737367414,0.06904131737010943,0.07331653108743284,0.019180903473588598,0.0068286619156868,1
0.27219085397819964,0.1307376238991266,0.12181421010238727,0.04214880385124451,0.021525091113401246,1
0.15153164837511957,0.10187977092915379,0.09322887013192621,0.025541026084056763,0.008866340870039773,1
0.1399011527520836,0.07644380965150654,0.08277665440384892,0.023049516735478528,0.012725540019884636,1
0.30142376885987887,0.12583024561734335,0.11938059178278088,0.04082068555895409,0.02684645457161208,1
3.523072295466951,0.9160471864154651,0.4386259033526505,0.1926103524842776,0.09476272461522825,1
3.5262421135382844,0.7719796519829168,0.42752887118559896,0.18873414210773015,0.09747301560690086,1
3.3410186121676166,0.9127196956927676,0.42888857187255436,0.17854751565556745,0.0958657580090664,1
3.805114080831639,0.8860192383660891,0.4473879377519938,0.19763830774291255,0.10743956887925109,1
4.200149790344902,0.8527097636138058,0.42860886901825185,0.18992403681439365,0.10213593277516722,1
3.0013861942720377,0.7747580991455765,0.40978108066245367,0.16169015017171928,0.08251219253605281,1
3.506964156568775,0.7778139565855127,0.390260071052751,0.17659219962440514,0.09086398944261347,1
3.5249048516305863,0.9758696098538027,0.45408713778069604,0.19599785038598716,0.09511428204614472,1
3.308912775393484,0.8983649661907317,0.4375151634866563,0.18102429896052039,0.08790876120163209,1
3.4846498795803416,0.9289920748008745,0.4431132844625099,0.19296420353925375,0.09575903454787493,1
3.5355948991912483,0.9321227508838061,0.44324874484608084,0.2005523990884708,0.12043607779781058,1
3.4739419603723003,0.8462797432787665,0.42947765430431895,0.19244631395292935,0.09476811068930541,1
3.8634705364197712,0.8285968373249801,0.4323109934425678,0.19463794040022553,0.10336123321759776,1
3.488462951980233,0.9334522717613145,0.461541206522039,0.19453996349181418,0.09900089723540019,1
3.7483103264021054,0.7463944867627292,0.39928254736254915,0.17619735593846855,0.0892788389723577,1
3.523218841304292,0.8345574990472859,0.4150323298614641,0.1860288657134984,0.09396375952625531,1
3.4962278923826156,0.8047774139275161,0.44478679311695246,0.1930279449009378,0.09479008819008054,1
3.220776449123806,0.8806958678872574,0.43741474759893123,0.1753334626983213,0.09043448890898224,1
3.522336663480927,0.8982872853795852,0.4285103452877134,0.1881490760465266,0.0918349358851003,1
3.4699377315862874,0.9783709205127912,0.4586204510143343,0.20221480714399714,0.09982168627513552,1
3.5438389367604395,0.9401307809092645,0.4644763557546856,0.20167289650751957,0.10101782088191158,1
3.3988397843194633,0.7584278364030166,0.41039218553485035,0.18647865386116974,0.09506487207778123,1
2.786435523762112,0.6989115530788013,0.3512526356370528,0.16624875931136734,0.07741054335487503,1
2.768244079899377,0.7037908806396287,0.3522243034076708,0.16083358141009904,0.07706361599881578,1
2.5907918013421547,0.6546049963610773,0.3386658469915454,0.16035864559907265,0.07694468912718082,1
3.454525605814343,0.7758824841252547,0.39747578664725214,0.18750448976107062,0.09634372143667133,1
2.759464110557861,0.6914603187862967,0.33569747179390674,0.1599126717303619,0.07611114740402203,1
2.729816337077871,0.7539331020779774,0.33826160741579464,0.16578643556547593,0.07666358321791625,1
2.7270235274688344,0.6951203551054569,0.34827864675173836,0.14745674851999144,0.07589817413109871,1
3.4229703327860324,0.7457498920890218,0.3919951992243053,0.17945234856299105,0.09247340273982951,1
2.7391711468822546,0.7553090228381988,0.3393597342320845,0.16834714519905206,0.07965786050339901,1
2.7611582865237896,0.6993752522494883,0.3431293954737344,0.157857948204897,0.07630699668267772,1
3.4855653246114686,0.727431607784117,0.38354591658522424,0.17900344380767608,0.09308660735072119,1
3.490375463517934,0.7126757285738998,0.3946470813780185,0.18353436421946662,0.09520686570882872,1
3.4094026561784045,0.7723103872748864,0.4196035546872792,0.19052645887488268,0.09750280879480147,1
3.409683440314879,0.7671111083460593,0.41898450510709234,0.1890235197040825,0.09472335504539722,1
2.7075117059435687,0.6308468964480701,0.3992584591083204,0.156087850770477,0.08058933216807362,1
3.4027889861256644,0.7639808445463929,0.4143049157578618,0.18729309667758512,0.09273867631520412,1
2.7131294706692244,0.6101118194084101,0.37517250037872263,0.14293492909981606,0.07622909899165413,1
3.4293943287875623,0.778822684856133,0.40646525817381185,0.1880916478017719,0.09382392450321983,1
3.4697079100391144,0.7079068849480799,0.4086322878551063,0.1838740860885924,0.09399315812689937,1
3.396416967402117,0.7650163318310954,0.39493837628378714,0.1803582873446296,0.09095009345662403,1
1.0442926282561749,0.19034510920580638,0.09459573562093947,0.048554927862831734,0.02523163135420807,1
1.6866205186585879,0.35714580866829715,0.14539969673804048,0.07627235692894759,0.06519506942797859,1
1.2347564316195518,0.2756281086076569,0.1173280461812118,0.06726549999260785,0.06675656517687141,1
1.621327110575797,0.27791581485892813,0.11173660950851587,0.08554811284098898,0.08615750170224482,1
1.5521511374948482,0.3651664924590946,0.1946466944080753,0.17403490521979298,0.2379935261717282,1
0.9413910970154367,0.2401867369268261,0.11123540813378163,0.06343452643793401,0.04331123768692456,1
1.3495400624785734,0.3378537549179773,0.1434673644635878,0.07861634411306251,0.08093545765118358,1
1.3861551729861197,0.17462909027133866,0.08295103536907004,0.03660505976791366,0.021099487199348708,1
0.727107477823037,0.11392504218260614,0.058138444104821,0.0269459419124758,0.016768184647446706,1
4.744953761679839,0.37842110741713675,0.1737238512979229,0.07696876204156397,0.03813743238454893,1
1.3948161513440762,0.2742921373766149,0.1094230422752321,0.05962491618997073,0.05336568965391496,1
1.1643787475242322,0.2543687731299666,0.11164272001974529,0.06306718909220232,0.04701231615512243,1
1.818553778197487,0.32270845462450704,0.13920825323944142,0.17270890711543202,0.1641654658691931,1
1.2004337043619282,0.2718198763837375,0.12232495202998926,0.06480403472542678,0.054645751337519546,1
1.9788749898646174,0.4022081992305342,0.2020498002220813,0.19490229603804698,0.2953810880792448,1
1.3057465528311805,0.33655445150264085,0.149006555757439,0.08397137929497199,0.09332095222974167,1
1.9308002337097596,0.2800250980763569,0.12546464534130788,0.05755608984460355,0.040584612862476326,1
0.9134275099454912,0.15386413629837933,0.06673514353191591,0.037749252048030715,0.02037936791485217,1
4.249478486692903,0.35607409860002015,0.1507097244196352,0.07138969905190634,0.05491225654796244,1
0.6301729093204439,0.0976755752828732,0.046213933201024314,0.0260963854803112,0.01893865972852286,1
0.9593548160984667,0.16671569831084343,0.08716473626673925,0.04406986340553181,0.03187302821651316,1
0.26626492457951906,0.024845180534864987,0.02629247116723836,0.014601630244578822,0.004670619962267981,1
0.6126519626286199,0.1078784018408134,0.08891384532043903,0.06487191611233857,0.04809391134330153,1
0.24359863396446496,0.0736553295870117,0.07771523610035153,0.05410222418094639,0.03428422818115802,1
0.6318332475221522,0.10063864230404318,0.06737680309399999,0.048108914580175875,0.024113363133259173,1
0.23987137313627954,0.09251826672304043,0.09405935045679775,0.0520630314387558,0.02704933699109434,1
0.17042609813395093,0.04094877707583562,0.04129313904441884,0.02567437127564233,0.01345859165677113,1
0.3671188927397287,0.07863841000478738,0.06763567672950477,0.047479602206738185,0.030677043550760397,1
0.3679710173627157,0.04313023194901443,0.053087908625428976,0.030270859517941975,0.012855427632085956,1
0.14831759512711143,0.03033468880114539,0.038398252013640645,0.022456759821575925,0.007085378965770519,1
0.4183331141381013,0.05991496072793919,0.07098189319777484,0.03785967259476736,0.014767768107807786,1
0.46590675611800086,0.08802997464133101,0.08187266222697777,0.05574518457248884,0.03509537813787079,1
0.3140956167847742,0.08323107382725752,0.07786882160448724,0.055933723573377565,0.04229182494803126,1
0.6993582898352264,0.12609606760761732,0.0800860519384489,0.059387679208703636,0.04106516914139785,1
0.17380270306013812,0.0692878027655226,0.09032919868915262,0.050917172430571055,0.03231434120959364,1
0.453633902561169,0.11624999735765446,0.10140741965231773,0.07852529442732423,0.06989814748737543,1
0.3347237334334142,0.07865482471532345,0.0657580270760785,0.04989701694830193,0.04210012106902438,1
0.4430290771053371,0.04514152117883162,0.03812390633564331,0.02285108649443352,0.011709593398327233,1
0.33930001020611,0.0667137003209031,0.05871666083615282,0.040992262686068856,0.015931610942753964,1
0.634330922731119,0.07049097486032056,0.05841805567389558,0.03214243575979863,0.014503773666678967,1
0.202093824304025,0.037853744993582954,0.04237483939565259,0.02852953573750318,0.011550612226788375,1
0.4228423056734215,0.06563178185224965,0.061571955375291795,0.04628404574070795,0.022259775179923336,1
0.16851499195618264,0.05745102958430952,0.043195712459884364,0.02421504279467464,0.01425178954963222,1
0.3395443107702748,0.08367590485975138,0.06241153004972146,0.06548115011753436,0.08892150141979831,1
0.15641642664088617,0.06788595613113421,0.055471893366919704,0.03941875862257144,0.040990013437003134,1
0.3725040657516433,0.06413410826989671,0.03423340473500652,0.02113903161329063,0.017051559615514775,1
0.22203663374271415,0.09376079628295225,0.06965370415635792,0.036783453111215315,0.022070830628535834,1
0.19049014711163229,0.05989434903308663,0.04649441127473852,0.044586102141259056,0.0581954541511246,1
0.24297796135046923,0.08244100812204583,0.06930545212574013,0.0569488092564839,0.06448302852683119,1
0.14517464994512982,0.05621555013948152,0.04370141576290127,0.02358734682619183,0.013197766905591421,1
0.1020998227855157,0.03373533446674301,0.021753693005333058,0.015509717798388875,0.010821268136001642,1
0.2260502575213659,0.09462471550309709,0.07428059716348633,0.03505069889007965,0.018303198684554333,1
0.18412894524520165,0.06020913605943505,0.044837123375446396,0.026430818122940278,0.024467925250958835,1
0.6758049530375281,0.06821393189865158,0.049060750305753194,0.05471638358469131,0.0708544023211258,1
0.34149309755616253,0.06586488777612574,0.03647647201356658,0.02401156868671158,0.01969934616989917,1
0.1967734120186038,0.08572208211627198,0.06510438484863294,0.03306460255404434,0.02009151508637432,1
0.25485781335010793,0.09357309026284102,0.073473817481302,0.047652563592546694,0.041340535830130254,1
0.22360333526089796,0.09067153561278081,0.07078041592028869,0.03252637719917253,0.02136938221498932,1
1.1557208229001898,0.10534957249736251,0.09120070706544428,0.03920804338879515,0.029056803041030418,1
0.10519434681398036,0.03132356893991288,0.020889602723900818,0.01572555426020428,0.013944056086569342,1
0.2284185694942351,0.09674717456373932,0.07698691789421191,0.03431613543324572,0.018809046566838298,1
0.08651767887232464,0.03235201079385768,0.02362788657174717,0.014044763946838769,0.009322348080084785,1
0.23289577338003115,0.08317985457135418,0.04311175783114595,0.019592287425484845,0.01793447026540516,1
2.4547912287667026,0.5537553392005353,0.38474714164727253,0.13672512000625475,0.05096385226209047,1
0.8161428170097527,0.350272859567784,0.21796760375771873,0.08461317531427764,0.03776019389963262,1
0.38994513639663325,0.21911504120449246,0.12250050550927934,0.054686538125390365,0.04052283063947352,1
1.0302879963495175,0.4276919130171137,0.2606047517553626,0.09239274610822983,0.03711932477055927,1
0.7314694981876719,0.08518218289027685,0.0674143996959224,0.029020927225730516,0.024704251629113286,1
0.7830514566160316,0.4576858052601112,0.25224964459082533,0.09869068226837335,0.05101685225565471,1
0.5418218226888035,0.31978876645306975,0.2019015451873482,0.08579199253250289,0.04837933423167632,1
6.142208631571289,2.36109239102098,1.4725190859048096,0.7473890608629004,0.6631264947633798,1
0.9907852185043406,0.5216144841609011,0.2824790973876883,0.10699090676388012,0.03597532144981653,1
0.5509293519942334,0.3485588181415248,0.35634847872822345,0.07563890197343179,0.030671342364481848,1
0.6728544977927675,0.2721834548412843,0.16705388513576558,0.06315083014026879,0.03381261039021671,1
1.5812034434442803,0.5488203089867254,0.29245273456136656,0.11140445616987114,0.04232878879978834,1
1.142149549312391,0.4540737839408357,0.27530684259065924,0.10050358644386609,0.034705922193479136,1
0.3709568169416627,0.23544516627871515,0.19903988490310612,0.05774304093643989,0.03196633308045866,1
1.6425354940705068,0.2627985179927753,0.1844386713391363,0.08105397264867838,0.033236232485385736,1
0.4951884185113705,0.3123801278156439,0.25268043050096173,0.07860640465959887,0.031201537432208576,1
1.3483979757853717,0.4447014532307333,0.3057485351592719,0.09753757360408377,0.039600187757867014,1
0.9566493308500663,0.6424604552960146,0.30987051583225544,0.10286019276257802,0.0340942937333526,1
0.5761296265659827,0.36765329555456117,0.36689125257607547,0.08841999043236654,0.03291942037425345,1
2.74232899914455,0.5395843377564202,0.28864281642528405,0.12263700555674598,0.05793295093689037,1
1.0324082001279486,0.4831702468746804,0.24965778940644867,0.08830341199947746,0.034697916573816295,1
0.05557950109748633,0.055893685570756996,0.045151701547431644,0.02155748574579986,0.004509462390324252,1
0.35602409430156495,0.1914781016708476,0.1329576998329951,0.06462897610990855,0.03577154530044876,1
0.24786389999173816,0.2273801001104988,0.20726513426188212,0.07957658746755068,0.01649170719929992,1
0.6536053407457831,0.2471976456342147,0.1437154862606616,0.07525529606720059,0.036389273375153124,1
0.3187024615701677,0.21841704255727454,0.16424166875270912,0.07414445011126192,0.026191773432682457,1
0.09204071137344166,0.1041934919116056,0.06552717872648214,0.036652477667835665,0.014712569870249019,1
0.1983777950541083,0.17078229791017013,0.1286026942449326,0.055199420703114094,0.021044596214791423,1
0.11519667279408846,0.13562067212849427,0.11740787001883932,0.05003233553369613,0.009409025204920027,1
0.07380377287068934,0.0805178094572764,0.051142059952276914,0.025802811842167043,0.005414741718354136,1
0.16487700328221033,0.14386652488320306,0.1493069457821204,0.05081520369708639,0.009772562266459391,1
0.3150372481805344,0.2112905244573585,0.15457388976043376,0.06608343979979661,0.022616937360427202,1
0.26595427049114695,0.1582663899555817,0.09945461948818973,0.060689073478050616,0.03327799579938332,1
0.6791542156954451,0.21239569330184369,0.12089771122602266,0.07256985685546746,0.03652679986517964,1
0.1960418473717131,0.22974883355467646,0.1958242251517334,0.07519849221210853,0.016802851204666302,1
0.2909785400153732,0.215063986557878,0.1572827442231287,0.07738329249237717,0.04155641298567901,1
0.15447843621916366,0.15786931267754528,0.12207082445783973,0.04777600984616188,0.012222642939425777,1
0.0847668732983613,0.0732234476540042,0.06736407451464327,0.03014421665406612,0.005721253852024728,1
0.24941055506248758,0.17980433662999123,0.11265984962143627,0.052215918309139686,0.01137527086750042,1
0.14807763425498827,0.14039100617376657,0.15305728382894418,0.04719948490122476,0.00938878368674888,1
0.11654124708827523,0.1593832888194306,0.11360888188594878,0.05659095646755964,0.011676694744821133,1
0.22474345516964783,0.20341850806163098,0.1225244558856111,0.06044600120004629,0.014686337649788769,1
3.365739172366322,0.6609688336001949,0.45088500163599077,0.1791248782776907,0.09321187768435846,1
3.383889849686632,0.7474972501231046,0.4568885556899087,0.18347099809232562,0.09950371090829344,1
3.394999335603448,0.7415524776351818,0.4475915545849674,0.1905435997980035,0.12084337473488367,1
3.392831919095718,0.672732777741252,0.4536282377943279,0.18389779238855447,0.10288469479256339,1
3.405444321678206,0.7553273117835984,0.4614037840425894,0.18658716126753944,0.1037915906271611,1
3.366895109251677,0.7044912362997238,0.42288168894937006,0.17898379304697476,0.0958533910410088,1
3.384960865027158,0.6852904296152693,0.4285420873153435,0.18384614694652243,0.09853153187262355,1
3.368656463666305,0.6869212262804626,0.42920193403684026,0.1837666221262953,0.09614716678860823,1
3.36533234027897,0.7169363192651496,0.42660045892796017,0.17515997116901266,0.0920134708733522,1
3.400364396830705,0.7235020457598833,0.43120926078887617,0.17828710692193933,0.09547114522054646,1
3.396819031400773,0.7172448107398119,0.4279529552173631,0.18440605420660416,0.11405405799276302,1
2.617025739569147,0.5719816906434347,0.3945044269959342,0.14761630607791465,0.07905303511744968,1
3.3981258354823374,0.6944966993838555,0.4252331178741846,0.18203625176751548,0.0950068520861849,1
0.5188488455562911,0.11763616110488288,0.07820359105737676,0.039936202335226156,0.036459250329063664,1
3.4103238280333037,0.7432300054810086,0.45010502424134746,0.18245457887223068,0.09825435053019979,1
3.3932050040125423,0.690905209033742,0.4260628735933352,0.18217203253985953,0.09370969471038582,1
3.379772724065084,0.687008880908903,0.4249614000966594,0.18100365943683552,0.09145542795413691,1
3.3621199642187567,0.7092260783687189,0.42267604218789423,0.17527242405112078,0.09248006312294048,1
3.408736031233181,0.7368354660195284,0.4436929262188557,0.1800860285401272,0.09503264240505213,1
3.360398693099212,0.7418328284272706,0.4517214618121985,0.18163756185128227,0.09775902243308586,1
3.336679669206897,0.659133924009031,0.4506855506295176,0.1797766959170061,0.09580661620247262,1
0.2225144933452701,0.07052855179506165,0.060849619757339095,0.023379926621670887,0.004140384093058495,1
0.09255946883389461,0.025126052930972136,0.02533283322614969,0.013954330101697873,0.0024357817367318194,1
0.2777209920302764,0.07099298537725454,0.04790979496936732,0.020144197768129063,0.003615447068819718,1
0.08130595388251291,0.021794990333056336,0.020160490757043112,0.010586004118894675,0.002157568433035576,1
0.23535631303136384,0.05866333627660014,0.047381627515097065,0.02513103312058515,0.00418304797293163,1
0.10310500005014177,0.027948766175096902,0.026248381823247433,0.014382784829140615,0.0026821355499493005,1
0.11453975724807458,0.03133955595885544,0.030816242969428795,0.016258500164763427,0.0031317275015663483,1
0.27396578331786964,0.0805121367939584,0.06910738392808737,0.026763194121301688,0.004404846647176464,1
0.13587749867701734,0.040340918204898144,0.03510442115859721,0.01673279329474379,0.002931439033338097,1
0.29964524666529224,0.0892018758830039,0.08205595385811414,0.03428070946501609,0.005980184520718686,1
0.19952797601122207,0.05536613257219501,0.03973264866678165,0.017088892382252103,0.0031114660693787547,1
0.04988140658106995,0.01257837694362507,0.012583074604660077,0.007623564514976445,0.0016622280491604014,1
0.054186493676378344,0.014836960951076134,0.015373245842143692,0.008530835249624254,0.0017759022240897999,1
0.35789656379307694,0.08348826570784235,0.06915722743263157,0.029185647482031722,0.004840112632603673,1
0.1516551494264973,0.03990820790907715,0.039547884122888385,0.01982638403255488,0.01219445478489553,1
0.13692830600128927,0.03998023757420467,0.037006841958888065,0.018465097107527,0.0037262179871381876,1
0.1646869027035869,0.04926434185170018,0.04314727800942994,0.01921957136412389,0.0036484059509609285,1
0.05925581192670587,0.019312489700115912,0.015698237753799495,0.008369924172427545,0.0017016899563000512,1
0.2104072764126461,0.060901919087558785,0.051882958422053455,0.023664065931541783,0.0046235876645785694,1
0.21441421978667075,0.06320379391704786,0.04417247328867436,0.019278571108540452,0.003363534664136989,1
0.14424735536862265,0.04675125669253454,0.030735242538090554,0.014355578275739534,0.0026351188041065943,1
0.3839839308566577,0.24628470584760787,0.3729388343142789,0.08972278279905602,0.032182995977501336,1
0.26044126722054217,0.24479036482342326,0.44690780565577415,0.09970910336164626,0.023969378282048023,1
0.27907402191543673,0.0963733765626307,0.15222492735845994,0.04813763891155751,0.016836717541314994,1
0.31003427811237433,0.19644985471110726,0.32034413666316064,0.07996521140655187,0.029841505543273285,1
0.27552505465743893,0.11778874598662603,0.1952110852863616,0.07090446189078664,0.052706612124754575,1
0.35257920756675504,0.22924133584773274,0.3629654916116424,0.08866740934755159,0.022718403999554184,1
0.27979024653424817,0.24754267025844434,0.44067295149697155,0.09728229259753564,0.02530291769727038,1
0.26759045877480303,0.24588969523316098,0.3952789146132061,0.09415885222004539,0.025874999651109176,1
0.3329877271439443,0.12476915654961421,0.18340565662199337,0.06914676980900858,0.048591143914761076,1
0.16011718731472602,0.11887231746093962,0.21316920400792255,0.0534596958888693,0.013509619384437836,1
0.42752375727119046,0.2369956583062249,0.3332598225507572,0.09143706465927173,0.04715054679954044,1
0.3133281387463243,0.1121407226283696,0.16689071294663457,0.05896598335570409,0.026626279243250946,1
0.26827713273769727,0.15179547116898834,0.28171738020862613,0.07107617144226407,0.02169881732690903,1
0.39561131264468596,0.27924276152830263,0.36931550445468997,0.09475069805296914,0.03533440437756716,1
0.06966585058020434,0.0427674581053744,0.07526436734654333,0.023165422594049346,0.011055106647649686,1
0.08684388431055867,0.04665204236493743,0.08021172343256755,0.026710250260961653,0.01121721235041261,1
0.25421746436406295,0.13045988924310575,0.2303539065832891,0.05322467914138003,0.014972760868958242,1
1.044316537658087,0.2052870099544288,0.22528852023067483,0.07628611456978229,0.04018269694973947,1
0.46582372354486423,0.21123020919159347,0.25113246058526717,0.07846507911975062,0.03354688441990337,1
0.4629135579796875,0.24558599788375474,0.2813193671990343,0.08970226146844565,0.06275775360669897,1
0.9953558582176746,0.19364779361871093,0.21394071318701607,0.07504021405005458,0.038193176472199525,1
0.21109952266936824,0.12417896294631374,0.1149222216055338,0.04278819299133513,0.010865374065905287,1
0.3975100063596071,0.11071154316287882,0.08957840980913251,0.039300616282280876,0.01880064347913252,1
0.2634995041228225,0.12148907850301166,0.10230211979463022,0.043425118315488564,0.016592053031688415,1
0.4775406635353592,0.091158858316656,0.06683101052427946,0.03887625219513542,0.025412695856978973,1
0.3400563475037893,0.14321749987292368,0.11542980643138655,0.054787156851627106,0.020702135365400387,1
0.1530020666908845,0.07729306448563492,0.07091674997374567,0.030101784787842874,0.008782149113117263,1
0.26980523954071417,0.12414280723252803,0.10785641822939498,0.041701200388828255,0.012621692607872,1
0.207982529259382,0.12402385560787445,0.11590408593438561,0.04281932401402694,0.010922927954399739,1
0.11106794470635134,0.05121555387478671,0.04236460822745673,0.022547232434505952,0.005847947667515298,1
0.2870703951842347,0.1617483349245198,0.15432243154447645,0.05218293289270496,0.014037752366756959,1
0.36999446680717113,0.10776085493632875,0.08451727169180889,0.03854363929141535,0.018591637808780447,1
0.1362941648013522,0.052370045454319884,0.044553399022877464,0.02298406774755378,0.011101159438392346,1
0.49377956233221637,0.09069550898712062,0.06759424056209339,0.03495584447651432,0.018767206841804406,1
0.24759739741324183,0.1432570260554825,0.12741307324671644,0.048638227272018955,0.013519995975758788,1
0.33571429135330777,0.14073146980780765,0.11360627452975963,0.04787763292807085,0.01801130817372389,1
0.30443507128148745,0.17379507277127731,0.1385001658543673,0.05040434058408461,0.01406729768947469,1
0.21047154601406534,0.12307420414546905,0.10621010730653245,0.040787155186727736,0.01036228115663618,1
0.09193180085700156,0.031028131905098812,0.022508064680345385,0.01127839173123154,0.0038190637119852313,1
0.2969180591811159,0.1788423266942145,0.15126141747875058,0.05325907454425772,0.014528606845506406,1
0.1408790842017172,0.07315468302346019,0.06944965204478143,0.02991958815821646,0.009185948476685458,1
0.1529971041616152,0.05611575441011327,0.0445577140317541,0.024489265547317788,0.013069264724598652,1
0.15707156406338144,0.051979878169214885,0.04437264145077836,0.019905275746375413,0.01151824787227023,1
0.5025522272941919,0.11132781543918566,0.07892638425135631,0.039164667002161,0.02260336401257942,1
0.3715623633117322,0.10297139962842343,0.07532959462308102,0.04893091754163981,0.05193022918816562,1
0.6976275306427304,0.1213108505291676,0.06125726819964004,0.06267481620732464,0.05645443991579076,1
0.6398912567697077,0.14211631744957393,0.10193819457027675,0.05947860358887508,0.054388109700730825,1
0.22785190464443278,0.07145341946603752,0.05802844712447333,0.02686548223748904,0.01809121352017762,1
0.3650999179204971,0.11271221712451034,0.08741373526737439,0.04248569648041009,0.0325134584337473,1
0.15069704442788429,0.061118093445847836,0.04772077144631502,0.022151896233843085,0.011171994629284188,1
0.10593443709273515,0.03057251907312062,0.02513600397804113,0.014119544150156305,0.009229731297308311,1
0.24059118823191641,0.0896549506822643,0.07390778151356886,0.0326717874188538,0.01795153661591003,1
0.4601247513401201,0.09782054691174169,0.06274869092263452,0.03359014937354529,0.029413687158680885,1
0.35636399416686426,0.08417868188227838,0.05418778577051661,0.03253126415323757,0.024635427600270442,1
0.6153116889916368,0.11569217239242724,0.06395041832643415,0.05210083490572297,0.047040525952720465,1
0.2605036665597446,0.10414043996908945,0.07856724522652347,0.04242337305956765,0.032253674149722654,1
0.391576186487285,0.12958457863012596,0.09655010579491417,0.046826866277578844,0.028711745794283552,1
0.30346905104279387,0.10635340517601419,0.08862305675012401,0.04039744547879891,0.03025395822135093,1
0.24064094718578471,0.08440658672819817,0.07138830246678562,0.029785354996476082,0.01844960348063682,1
0.25103788847372643,0.060403326818662936,0.034270936040186564,0.01879268888894851,0.012797133639640145,1
0.2793938708676168,0.10162631407840925,0.08659309553555185,0.03554509241649112,0.018883286812910433,1
0.11041562275053214,0.03316938252590042,0.024164336060624184,0.01566698723008918,0.014629992313667307,1
0.28837287441573334,0.06197568990541347,0.035578527900743666,0.02288633889715203,0.017693888853552647,1
0.2512697236020298,0.10641423456281687,0.17165095202608038,0.07349834722609762,0.025781752307588363,1
0.6646278031809085,0.16223714898692843,0.11578653560260584,0.06598880045392759,0.04248792890221501,1
0.1750148252172641,0.06372862994807518,0.08179495955334701,0.04405038400817331,0.029003968509177417,1
0.9999945833066719,0.2589524511700907,0.12763798527955086,0.0696150382412568,0.048763945860718055,1
0.04561080311242621,0.014050818490860227,0.017430568983911498,0.012359648770224836,0.010349966905218133,1
0.2996911983005572,0.11570539077410949,0.13687261159547046,0.07088511592842155,0.028260326694622286,1
0.28012347319777026,0.08914250844905702,0.11017628868526744,0.07252444445941633,0.06397413186732089,1
0.2405107252802212,0.10441174733250627,0.16450238284355978,0.08143178725522726,0.025922398311341608,1
0.3069617353688846,0.13221482145874772,0.14898202494405943,0.07266462222222925,0.02887320807210441,1
0.21281939987909676,0.08996502970847668,0.17265156543318194,0.05904204470138002,0.022494671534366288,1
0.510716579255372,0.11283639817828899,0.09598045691643159,0.0633921578011659,0.05090307123607138,1
0.39309720776125534,0.1356526661026754,0.13335701324723695,0.0658833132328314,0.02999049385416193,1
0.9293700510224779,0.24801222036316373,0.12563535178467963,0.059429914105530245,0.036774127107462445,1
0.16282361774732024,0.0716195883817623,0.14286653902731286,0.05356456941053752,0.025179363576413868,1
0.17128288063433317,0.06123736529038104,0.0808373225266367,0.0403602168055691,0.02310147661294944,1
0.20711369745978758,0.08291835854695143,0.141251515856823,0.06022029148171641,0.026079386588979753,1
0.2600588883717813,0.11006718857199506,0.16336273892623032,0.08576930296035284,0.027694668802132078,1
0.39841018632009395,0.1350913350580094,0.13319920746812708,0.06158994376111927,0.02617288314585844,1
0.2153543652746009,0.09209878899724173,0.18491756415067917,0.06665606382299731,0.024830675786169487,1
0.2561383091045486,0.11107028774661087,0.13894562571791652,0.0771762729592266,0.027674776198576223,1
0.3767263115917508,0.12602299422888738,0.12453277543479031,0.06494879319697781,0.034207886610986615,1
2.272249187864934,0.2902980336283851,0.10452901713713181,0.0548056925327274,0.06756866356031786,1
2.9748698877960007,0.561470825723976,0.1903244258562849,0.13850466686674828,0.18715238820044017,1
2.6050004071200092,0.4541271287272308,0.15117881471385486,0.09520900350105524,0.12446599654963876,1
2.8577769569418994,0.5366570810599898,0.17368865144943385,0.09893753170024755,0.14321627664592015,1
3.1113235153013803,0.6438825914719443,0.21838561049843497,0.13411177733542454,0.16430297108559455,1
2.301175130961818,0.331912189317063,0.12140605400274002,0.08191965289169573,0.10154410590975682,1
2.914522534095946,0.5364582869944641,0.18124369789964556,0.11955897894486212,0.1528536947902969,1
2.2891448106822256,0.35723185008256936,0.12451029886787938,0.051807634788235565,0.055046115722433994,1
1.9969244302568128,0.16743001125235427,0.06975926100012247,0.04450293596413141,0.0551541631657141,1
2.3892003284409777,0.4764843471809027,0.16429564656762266,0.07214003981077986,0.08347710278178216,1
2.8289891908863862,0.49789463934164996,0.2025239329449902,0.21793747790348672,0.29055804202245633,1
2.32614005390238,0.36712472584945244,0.13534161723753266,0.08678223750553099,0.1060591360639987,1
2.9032834298503882,0.5735254837937356,0.18681584124953488,0.11993862713010715,0.16343815347310875,1
2.5259806616995735,0.4756099012776441,0.16420390215338532,0.0719359513334987,0.07706637185495195,1
3.2366983808768772,0.6610657544904484,0.20956936636570747,0.1279100602656535,0.1698063260219177,1
2.783667464643287,0.5475979765181145,0.18670715919291914,0.09738094586465501,0.11953857829853592,1
2.3326802519494825,0.3650589483857128,0.12765907197276072,0.07260652156340303,0.09096598345335968,1
2.0928025674362734,0.1913034956631138,0.07377614824995617,0.043030192611536275,0.05241437577143308,1
2.7764693664774005,0.5796049195439515,0.19663730928068274,0.09146071260358557,0.10991905863961035,1
2.1210231367627954,0.2120146009803741,0.08301827383826757,0.0531509464513832,0.06926456884464063,1
1.8998236274135636,0.1523437463452253,0.070338159820045,0.061436033184231874,0.08389899614690913,1
0.15459376889135,0.04187897496051064,0.06054096603158353,0.028593951020157927,0.012513536990367594,1
0.28634918956188576,0.05062730502280268,0.05212822981000818,0.03261011169267775,0.03211840636295407,1
0.1475664974487888,0.041182835920709,0.04712888013323069,0.023027288558476522,0.016265282398400013,1
0.5669476480549188,0.059729774546560685,0.04159422114281432,0.029020460494594308,0.028287079108958325,1
0.21643722487722117,0.059126366184693954,0.07313525303692402,0.05247267981213094,0.048709521121676695,1
0.14529302636779123,0.03277810624381277,0.040539381141014685,0.022949510596782366,0.01538381630299767,1
0.19171673699702696,0.04488964259850102,0.059862175727088025,0.029765158130117538,0.020154427952542246,1
0.15320921135308296,0.039890737087888255,0.04704786477491775,0.026505502712694293,0.011680334267323473,1
0.09384400256743824,0.02420285598867951,0.024063994026448467,0.013097079542168986,0.008784690771758656,1
0.19118881706316498,0.054194397236163955,0.07280258623810185,0.03630116445304802,0.016511312248635675,1
0.2352570094716039,0.0482647643375644,0.0482606550428617,0.02874133582963575,0.030043060274045033,1
0.18972957189620238,0.03433238484687255,0.035638993910924587,0.029101839734791295,0.030466526362703042,1
0.5714673141906572,0.06385507479949143,0.045660539547478576,0.028226803336444915,0.02393761669154739,1
0.17978918092863558,0.050986110276196386,0.061586535567909814,0.030037134509659568,0.015268019009382128,1
0.24687130879003882,0.059600908517088054,0.08189113160366013,0.051411245920898255,0.048594677346888326,1
0.20985160078680437,0.05721972472284159,0.1156878306365238,0.0454033178357579,0.016567249847083108,1
0.19142075837400696,0.0427427578338256,0.06912802868171126,0.031212653347244053,0.013121190747973641,1
0.13952514454641882,0.024015933650472773,0.019136671555252494,0.012817082546233205,0.009230516304148988,1
0.2511307821059296,0.05748160704761736,0.09448472014764989,0.03888570689648623,0.015591131427666587,1
0.09784077499774885,0.025633602677949043,0.023535869395552557,0.015294559877791505,0.008359333924961366,1
0.11699360530483138,0.023700310385464232,0.023770550060407538,0.016419533143061417,0.018370673307526276,1
0.32463837231393045,0.31991846257304174,0.2784587527839082,0.07932888196627465,0.03037053151413546,1
0.6874375898797724,0.18622292108129643,0.14970406905300032,0.06334111269889296,0.03884217465205785,1
0.20628439936899579,0.1326612318424219,0.13714715164611532,0.05034038665524504,0.03603805461714692,1
1.1547203180305559,0.28643803771961307,0.18009029130858356,0.07316339304144555,0.04598039113918707,1
0.04950835425461496,0.025481469423342947,0.02794868778404255,0.016141098716024444,0.013794957159767342,1
0.3510921769803549,0.2663700974947652,0.2325493006256295,0.07838258944523824,0.033641735149954846,1
0.32999929329555877,0.15762329366737868,0.15448277737808613,0.07299996356020703,0.05480067723998526,1
0.29886712994262377,0.3018451312070386,0.2572880081037009,0.07454262240413259,0.029675968989863785,1
0.36818428163649775,0.31951956989902935,0.2695607821755785,0.08182261883500347,0.030464220610611326,1
0.23408923169062731,0.1876958161777375,0.19130881749196874,0.06384060826073552,0.03530138772195059,1
0.7396771792814809,0.1643292505478331,0.124625701613993,0.055075568857388686,0.034345941783054584,1
0.4344607249857802,0.2951161946411283,0.23948176943815955,0.08037082560090515,0.03246091486801641,1
1.1301304901331253,0.2874668845144749,0.1814140937352814,0.07358579069546298,0.04594874871581666,1
0.2130131773727513,0.19132317921564368,0.19891668978368382,0.06269220181774644,0.03455642213090438,1
0.1746216489088785,0.11689425497718316,0.09622069863649801,0.05215672562173178,0.035631829309243614,1
0.25128247396878167,0.19287502351348979,0.18906801988557378,0.06914336765638891,0.03501646107208773,1
0.3217952906657951,0.2787930421488532,0.2513176568516394,0.07823080371463909,0.03180651820751377,1
0.5258680672741236,0.29389589020820533,0.23196312395379443,0.07753097488535599,0.030669219587427583,1
0.23074310296794884,0.1858824176320652,0.18744308902362683,0.06759580735599949,0.039041762847382935,1
0.2948882740616092,0.25496948866313457,0.2307979205737323,0.07243919036562296,0.03093325974147699,1
0.46333587012560135,0.2590361815442054,0.21395448548298013,0.07710756948145489,0.032210604552113775,1
0.9542725921874267,0.5173429015413002,0.24042509614681923,0.11388887783383872,0.057449271888626974,1
3.3131671169957055,0.6175785215961642,0.32707720289632825,0.1679095454214819,0.08293194602603135,1
0.9508382807107069,0.48484254593548054,0.22910573026720393,0.11230004951428538,0.06453368514433153,1
3.622846060416362,0.6345048872010607,0.3649447552084067,0.1762797239212569,0.08490941700659894,1
0.49404797716151017,0.20450753081316067,0.11645846505444625,0.075652877751146,0.04547817052003074,1
1.0796414191078756,0.47468535270519585,0.22174950206237698,0.10611837896426711,0.06094352495925579,1
1.1765050836315656,0.5763049310362965,0.2697383859572451,0.13407799404925375,0.07878673187575586,1
2.3580927922210755,0.5170488135089203,0.4012539964799869,0.1754736238693233,0.10175792418340489,1
0.9518209137609489,0.5109610096411985,0.2341433284979878,0.10772314096133609,0.055045439574676266,1
1.700077363721955,0.9288548992671358,0.4286575246005905,0.17044793814222792,0.08856721575131557,1
3.3950287641372654,0.6198766037480085,0.33579220650220376,0.16550172721474288,0.08273629884469644,1
1.6992254288110276,0.8861352472162082,0.4029178078397086,0.16263121702524896,0.08555434596758621,1
3.3207392162374183,0.6177093244706773,0.33004269778812967,0.17028057674311423,0.08127279489462247,1
2.870062134781003,0.5978392383444584,0.4083267150828732,0.185898280566755,0.10250267880687977,1
0.4590518890166546,0.16788000372121448,0.09953619369439456,0.0707022464671935,0.040552269928637474,1
0.7426109068357729,0.14368971709119616,0.09292845852447379,0.0662370610038366,0.03761483431729637,1
1.964025999508858,0.9930975210884864,0.476364637336065,0.1968518323287275,0.09978952963780736,1
3.2061752017681733,0.6059323437725476,0.3303228156658139,0.15633723023881566,0.07166143411224093,1
1.5255118150132128,0.8317172385132907,0.37913055155519637,0.16481324885065315,0.08200694783968779,1
2.3056601399193304,0.5108054995351474,0.39575089184012147,0.1711592399023301,0.1014232056015859,1
3.457252347929712,0.6157937613888798,0.33712609156255136,0.15911916997749573,0.07476150948848542,1
0.8877169425781251,0.38436195505141457,0.2410016043672542,0.08905913644365923,0.058185638420911526,0
1.0480988667754747,0.3849986891283158,0.24811409204068358,0.15156975842625878,0.14408148284219233,0
0.9058573689937167,0.3832865560853521,0.24092454324511015,0.09177360970711046,0.0621445367724565,0
0.893169071355356,0.3715301510034277,0.22929867157523182,0.07767714720004104,0.05777056960903423,0
0.992611366459663,0.3863715669874221,0.24414230637378634,0.09657328147227909,0.06599525308771084,0
0.9411131289899494,0.38578587123238584,0.2416880623107846,0.09010370924481495,0.05915176784660174,0
0.8816733279783638,0.3738941525505213,0.23146787533591773,0.07947058033432694,0.056232542585390746,0
0.8725399684862394,0.3823075131061759,0.2399777040420539,0.08807562770959163,0.05759987550773897,0
0.9155335894029089,0.39205347545927144,0.25272189605284945,0.10320924433652005,0.061127499339269906,0
0.8826609358608911,0.3838050748211794,0.2407092296885416,0.08734448236063312,0.05700510459154041,0
0.9054423341134111,0.38291427373485176,0.24025188214278465,0.08881109824987313,0.05858848299433902,0
0.938629205964785,0.3857963059050454,0.24289150388197533,0.0920561309696729,0.06072678985770721,0
0.9799897947296685,0.3827814808526791,0.24047434043676574,0.09304908288205002,0.06345397310707096,0
0.9670709866441505,0.39358480535851814,0.2532804335169646,0.10218743408111616,0.05899513263069631,0
0.873215324758259,0.3822347998886578,0.23985474815511984,0.08745018463053106,0.05700465332722429,0
0.9720873191084317,0.3900470838398379,0.24496969651692058,0.09740104430421062,0.06873257756414038,0
1.3665167449344096,0.3896379392680361,0.2479280790420253,0.1281839240260049,0.12287136129746981,0
0.8940663063451946,0.3924501796046978,0.25219252935609043,0.09757712805023863,0.052371194557629355,0
4.357491853152339,0.5925547447595942,0.4250674933548483,0.2604864195613278,0.21015537796684247,0
0.8936326233929709,0.3930852143263189,0.2518980979800461,0.09709014708801882,0.05270568068674947,0
0.9245568359967392,0.39562347018289756,0.2558159519320914,0.115138396249824,0.08179575165432941,0
0.13334255557056449,0.07286072797577155,0.11990524799702822,0.028938692965160683,0.012493128865990646,0
0.37867129802742033,0.11233095042351013,0.07091798753971616,0.04104591779303293,0.029938028257239235,0
0.08734765326105667,0.05362942940728043,0.058256994135979644,0.01904658950274169,0.009550218372390142,0
0.16705530933648752,0.08653778749811247,0.06761366854074392,0.04151453125635275,0.04214068302650105,0
0.2428362290721709,0.08276363500181089,0.054781904394758454,0.030197651091392518,0.02226543235741407,0
0.2043476416173386,0.10520966741359053,0.07628424267617441,0.03255289814529595,0.021440297012037323,0
0.19987341461372793,0.10255253035984199,0.08981021850065636,0.035956500259745394,0.017372278830847968,0
0.15111740919834044,0.08186591411024988,0.14322201534992118,0.03389382723161158,0.01447241322207993,0
0.20459659666162006,0.11634267876026827,0.06579440596020983,0.028354917349270252,0.019018055243413826,0
0.1349552946027544,0.08201716802577949,0.08212368496101308,0.030050570943357342,0.013924542801408427,0
0.15810694831844158,0.08763832786866396,0.10679642446461912,0.032059479015785416,0.01534902591344126,0
0.1068969687923425,0.049143333705791846,0.03166921108463366,0.014523096894300248,0.009834368484069789,0
0.2916769826912598,0.11384967157334015,0.07615151838840072,0.039464359172441295,0.028597532209365797,0
0.24490553809714305,0.10716263789198448,0.08008286660797037,0.039293745607485026,0.018338243195626734,0
0.17606192609150448,0.09455332777207565,0.10925754028797509,0.037641283197825975,0.015286273486424473,0
0.2479753943200902,0.09733744526924343,0.06996497886442288,0.03719336804580341,0.021070414198255078,0
0.2701956986219449,0.1097159210745168,0.08229387927238103,0.04148562178047482,0.025498535665375018,0
0.20405227496224396,0.10646153477927595,0.08578187649211874,0.042729008558009096,0.017224143812615875,0
0.3752779745273751,0.1183062994110566,0.07761262409299972,0.06326553842026496,0.05880807609291345,0
0.18183665245943098,0.09912422112939628,0.08999423634306815,0.03909832936912599,0.015201797428083388,0
0.05193406340904746,0.02496784476877779,0.023177316184056947,0.011052010657637328,0.009527972638915243,0
0.45624378771528223,0.11557505679009267,0.0593496581873175,0.020049880657342305,0.0064587712785459965,0
0.5773677211981072,0.24897960195426788,0.08731537833602339,0.026697641825829815,0.006551315573627713,0
0.2899929363860544,0.09558712381068245,0.04410144003883058,0.014261190221969141,0.005228671681617713,0
0.3913941307625624,0.22358874253191308,0.08272046954932724,0.02407337338782857,0.006076176081871344,0
0.45556309742773304,0.1947972262122261,0.06820176689667164,0.021468571038174192,0.005633418050826508,0
0.3973305370446446,0.1960495017321705,0.08666788110296736,0.027741008933020384,0.007284691772687854,0
0.447447204011862,0.2544054423539289,0.10308640648310448,0.030777275503874504,0.007746740693394887,0
0.5133237597746361,0.17407570854058813,0.08943091123407229,0.03072782253829228,0.007365024069339648,0
0.337040337663021,0.18593558294449952,0.08015085026425695,0.02848431585188891,0.007962618701760134,0
0.4550558080646621,0.17679250995670662,0.0707248459763673,0.021868361978806955,0.006479378732788481,0
0.36687026479990936,0.1898809389838428,0.09122065842146873,0.02872783498590622,0.006923937839358468,0
0.25509056818380593,0.11744910099677885,0.04219851051175328,0.013562437425044777,0.00430159715576,0
0.5251448663682687,0.2314419908717408,0.08828831984682893,0.028166041048665574,0.0070751627345074074,0
0.49137065080834513,0.29658199998372803,0.10555905141240843,0.030043620089988107,0.006876310867928218,0
0.5150489064724546,0.23478800161166247,0.09900142110579499,0.03053769782343961,0.007151806217810601,0
0.47564720761195384,0.2625641203986619,0.09026746635587068,0.026133073697814584,0.006178278290855351,0
0.4858415932844132,0.26866101676284027,0.1038023545705814,0.03036143932875647,0.007020671312491998,0
0.5157518753524847,0.27415699640718166,0.10527980638838946,0.030505948875034928,0.007078127776405501,0
0.5851166645908118,0.24774617234406518,0.090290809838668,0.02806934355296763,0.006857111525704854,0
0.6015411802654868,0.2286338379081292,0.09141583801483152,0.028416658667158673,0.006911184912074254,0
0.17050023574704637,0.07424075731376308,0.023751880328819558,0.00788903505213302,0.002639040370043071,0
0.10463917878251917,0.07866909725676485,0.0578026628567129,0.03113031584621493,0.01388686408651768,0
0.17880378473203484,0.096742326606167,0.06133879170509244,0.047462525782755206,0.03113817850510635,0
0.11399381446195,0.08679863515266206,0.05751338259438231,0.03714494987070861,0.019526267938297193,0
0.06389881862797994,0.04038290060482133,0.030600832520250802,0.023639437687028947,0.013215350769263536,0
0.16363999433044252,0.09831201641758046,0.05780985840876122,0.04114467120675259,0.02526485458732302,0
0.12562651153551302,0.0846133228302396,0.05222511576378033,0.039170327664809504,0.028041862327544232,0
0.0858393463318278,0.055924797644117195,0.03976517827911033,0.03089590998030169,0.02668700424374637,0
0.11250395860630098,0.0829251005145016,0.061312404077014646,0.032376141141862186,0.01590155371808008,0
0.13866347510653348,0.09834322608273971,0.059236618636819345,0.04265976019345495,0.026461399528799296,0
0.0634657370506233,0.04324896618236768,0.03301918528944054,0.021109799922767944,0.008819331851852703,0
0.0950487207641739,0.07812847822734437,0.05229187918480111,0.032683805192161776,0.01720909906794922,0
0.11745901698180994,0.08056833139499306,0.05145718854113833,0.045152328820771026,0.036857540805447474,0
0.16501562548736015,0.09981513175360562,0.0590627769433745,0.04283068152262011,0.029441485429875083,0
0.1296288821315789,0.08319091418354627,0.05256891655399411,0.035691056591426774,0.016192786085947066,0
0.06803357179276304,0.04327225767376614,0.03114963893905889,0.01990201685090135,0.009308558778683494,0
0.12276101436002605,0.07890892857246859,0.05210086953531924,0.03808159218678829,0.021737146459701026,0
0.1387752384815333,0.08552547861034862,0.0545618609555715,0.040955462865646795,0.025805713867676393,0
0.06270866233414225,0.038534533834071356,0.025425902771323936,0.017641820367584292,0.007755061950950808,0
0.17473218998198262,0.09778781954581098,0.0599998141335726,0.04235234096781003,0.023658967134266937,0
0.04367732887816553,0.034638845851671526,0.023693371612380817,0.014237240778042861,0.0061391078285104456,0
0.14332448179680146,0.10248312598688145,0.06566923819119856,0.07470425770162722,0.07294369038333057,0
0.18148265300002894,0.07606531777086031,0.19574599191713601,0.026509545819022977,0.0098767805521091,0
0.46438504901939376,0.10493539012714757,0.1326445571568497,0.03141607369444109,0.02088194133248693,0
0.15756167739059523,0.09328110195097492,0.159769508797693,0.02915522241408782,0.014022146136104365,0
0.10403854397759349,0.03978795628670332,0.06224410273114758,0.01543409745971417,0.009521623992209753,0
0.24225559902246382,0.09372979884435484,0.12202959077461001,0.02955960213350741,0.022581648135765624,0
0.172061588004247,0.08912731475647462,0.14225784371733757,0.03870495294765132,0.03272162358662472,0
0.12413997507815953,0.042612271842010364,0.05961503472628708,0.01756389565111634,0.010385637949409212,0
0.16736019869993093,0.07284061627996014,0.18588104910411116,0.023982548125426488,0.00929764147488183,0
0.21064510075654866,0.11572248180875458,0.20059917409735004,0.04990436425894264,0.042600833174802955,0
0.10101225220207698,0.04647348857218083,0.07943790546886888,0.01696205289728372,0.007151026910573521,0
0.1748032542237028,0.09196644185348829,0.24063024757764445,0.03177167026782093,0.014116503591782521,0
0.1601099189743831,0.08300920197623887,0.10051882646504881,0.026211133238893417,0.01659670094102707,0
0.24803450866119447,0.09213680901321115,0.11834838505127437,0.03012187628429315,0.018600513144186065,0
0.26062363057111493,0.08792264710216777,0.119485237945059,0.024861978205276712,0.012953000191917021,0
0.10215322342204455,0.04234620895670463,0.1013670890994807,0.015315514043176479,0.006131427977073596,0
0.26126148639559693,0.07790108076793241,0.11746263691422695,0.02779090537647834,0.01954882565652283,0
0.31399311071424585,0.07849868495943076,0.111600901499967,0.03324757749677416,0.02553116394520048,0
0.09478783098293458,0.0299420242287245,0.05380994782844367,0.010455140255942331,0.004542608320741043,0
0.4384725346611154,0.1059096783156894,0.13322592895247903,0.043915945605681156,0.035985501957173725,0
0.0878832531044172,0.033862957831078004,0.07794255458334429,0.011969315385600662,0.004775125958107791,0
0.20729333019567284,0.11711525711622281,0.15722586043184178,0.04371917684474081,0.031739522836034186,0
3.415724306150611,0.7117192114163609,0.4476871680497585,0.18481416126297284,0.10162457708103895,0
1.1161554312368356,0.1659714026947755,0.07243204480802674,0.035287993925889424,0.023929001725414713,0
3.760472697110358,0.6997709436302191,0.4520682755019375,0.1837559802603157,0.10092068892140818,0
3.4698586698940836,0.7172199200544949,0.4497692113313627,0.18317786953957477,0.10035928176663468,0
2.6351538571403306,0.5221986135038813,0.3800673533287024,0.1405514139293942,0.07246295476408757,0
2.008229124134982,0.5203236850547622,0.2969274337417955,0.12046576767811143,0.06471850953170101,0
1.0835156328270177,0.15623680007527851,0.06548577273300031,0.03173361576174002,0.02193097768560338,0
2.812133582961712,0.5121995145171264,0.29130965835627975,0.12690336104534916,0.06332291479125969,0
3.814091985061881,0.5666861492807687,0.4083192412258829,0.15373568921241942,0.07969526268902642,0
3.4030472795570796,0.7503546587430764,0.47281180154667135,0.18327599621273832,0.10047200153745452,0
3.460333603193309,0.6992425853806088,0.4432783622951919,0.18395440725798418,0.10170866065977646,0
3.4811909632034856,0.677121837023965,0.4528108216242674,0.18268369195403322,0.1009704529960394,0
2.2748971421807114,0.5438260772542617,0.3833727590167854,0.13911536433853738,0.07174110528021535,0
10.250533912397241,2.714523396879323,1.6309341763074472,0.9988167699303506,0.9178014228999919,0
3.5105566484299704,0.7662173683054069,0.4778366702841199,0.18679448395578915,0.10309305899657921,0
1.1364300947102772,0.19426018953802524,0.09834429532105743,0.044750444905054455,0.02726666769021113,0
3.0106004472876635,0.614593860164272,0.38316454861161997,0.1600575571293618,0.09098342660806959,0
10.150262754261094,2.531945825274926,1.6676073276446863,0.855019369128467,0.8416034231289626,0
3.4620888461401593,0.7119377380525522,0.45100759664486956,0.18383526812614254,0.10059940255622903,0
7.653396852475273,2.014391055124219,1.4983252229884194,0.8192556514269683,0.4773159699398393,0
3.425196914280386,0.7549785335098641,0.4754795138408815,0.18547269488638407,0.10220767952110041,0
0.41956498351252447,0.28559739892263303,0.12445440565310056,0.049315417879970264,0.033378212474409204,0
0.5986426726576666,0.16480191330411031,0.06661751727909787,0.04986810006057861,0.04859190065108239,0
0.26314105178437197,0.23476631900489014,0.10663902388991646,0.056654471459492074,0.04923883016697082,0
0.10136195294167552,0.08094937386566782,0.0492173083500886,0.06117864003636224,0.07053143933858604,0
0.35554480728133586,0.17389079704682958,0.08686017937691679,0.0960319618843037,0.11948358436663324,0
0.2860522466416202,0.2509507604443033,0.11444863346761022,0.11356495489741061,0.11736595991220045,0
0.16450788173055994,0.13472201293542918,0.07239222335171114,0.07877720434195586,0.09596032888436927,0
0.4508047123513419,0.2909762015638805,0.12735369247815378,0.04992253964830036,0.03591474372994913,0
0.9311957373279913,0.2801190937912089,0.116895304345082,0.07097575746506406,0.06314118186962914,0
0.1899194416800607,0.16181034231429886,0.07567622033862167,0.03867977222009304,0.02657405423263787,0
0.25736056085345616,0.26818057986583177,0.11463713353970065,0.06782149120340455,0.06381278108421205,0
0.25575682919991344,0.2033440104984123,0.1072272653100999,0.1237009761448645,0.1346975548147349,0
0.3364659788887317,0.20046252503853643,0.0900145506480467,0.0724333541948941,0.08167005813556512,0
0.18595559324595626,0.1116683547839953,0.04353557251182299,0.029392058265283058,0.02691484001731562,0
0.20150796495275156,0.2030673555135724,0.09592852398914235,0.05373826850758372,0.04652779577050465,0
0.22482735455944394,0.12134702246078666,0.0496250112139186,0.04411629950154163,0.05233971948708654,0
0.22098361261696428,0.13963712205823162,0.06548954487083877,0.06191431753073265,0.07680089003640099,0
0.05192473254151088,0.04173875918318997,0.021273409167468907,0.016125602300234288,0.01584695317377422,0
0.5479323565993822,0.1681696488284862,0.07020339332318445,0.05607002411009059,0.052410058444835275,0
0.1411859513875625,0.1630410447399344,0.06488858745343125,0.03012190904590962,0.020926764352792802,0
0.3118769817724395,0.23024690007476004,0.10126816966235402,0.06708954065036815,0.06514525554189518,0
0.49112638881075754,0.19377762072849092,0.12292588974134216,0.06913041355343771,0.04561601601987457,0
3.0339452788766623,0.6689810300963048,0.43504200834317763,0.1728762823900566,0.098456432421583,0
2.9434411298453442,0.6586864284344391,0.4311007338437644,0.16996336137382118,0.09332646117102608,0
2.9556553220048687,0.6627687661391407,0.4328678036386481,0.1700630189056437,0.09188211252831718,0
3.177643112565967,0.6824652782986952,0.4384713948397683,0.1819737262226939,0.11284717291899107,0
3.147586436650112,0.6799935152503436,0.44162192683885054,0.20021630046689126,0.14205509970428476,0
3.3318105432889245,0.6945786844462841,0.44691186542233285,0.19439859781551785,0.11883085318387443,0
0.4308389687850995,0.2053834184285679,0.11853764714321724,0.0656968265293194,0.04418713283772603,0
3.3269636205118513,0.6607451271227665,0.4452676588658946,0.18540659735234746,0.10264589162160212,0
2.9327378580148173,0.6613917533532964,0.43319156060715314,0.17056748924834234,0.09375610819637048,0
3.144446753608603,0.6844598503490178,0.44233740182786163,0.17891291677626003,0.10455880354518511,0
3.2754914352205047,0.6669490644619276,0.45039648049551695,0.19496485886589687,0.11804253803391887,0
3.157702973396455,0.684440732962021,0.44237471193304506,0.18660222365090876,0.12440549777757737,0
3.03133014635317,0.6762408155951227,0.4399166831921163,0.1746590315225878,0.09757856473576453,0
3.2037920807877867,0.6915998095567497,0.4416258569344911,0.17811044621891078,0.0980995176930807,0
3.110280184190896,0.6814876525487925,0.44192702344301343,0.17665780421486424,0.1010163296492031,0
3.3702953727428064,0.7022513067004864,0.4399988904420389,0.1895306799514152,0.12454900444336352,0
0.8719107071173087,0.29974987498131184,0.20472156072482517,0.10953395937263097,0.06773186852032465,0
3.3955214315303115,0.6839707906266861,0.4284976225225602,0.18046132892447336,0.09978756336787324,0
3.138319390412957,0.683861336695475,0.44085909812166835,0.17494295684994432,0.09440765540842824,0
0.11563980513850665,0.04464339449255107,0.034245908942206464,0.0468829651052302,0.039878373281686696,0
0.23708301206818805,0.17311794247051174,0.22070608044238602,0.046656802090672495,0.021674071974613365,0
1.40848017716381,0.15248128927741972,0.11328612041216198,0.043430723042874556,0.02973517862632711,0
0.11889871603284718,0.0786637705283344,0.07194769701848054,0.03586480597366243,0.029106204808701817,0
0.19909726995329358,0.11883707352940949,0.11058884141832802,0.03862386639663154,0.022554816511238945,0
0.2558196447062953,0.11023629050809329,0.09088124775265327,0.03641840991066732,0.02875715887501676,0
0.19411809492381302,0.11947871398301614,0.09932154839346903,0.03761561376901743,0.024399694777576433,0
0.23339761803247955,0.14181134872866552,0.12889210402475476,0.04421307735852749,0.0228439237941039,0
0.25694598963613346,0.2008466624021987,0.28553130484107075,0.05594323923501951,0.022945942984541487,0
0.15374474527020077,0.09011539098430306,0.07853334938607633,0.03525896896570664,0.024619420344887843,0
2.422236666709647,0.41552482605659413,0.24062647767638873,0.09319796046952204,0.028746181180164393,0
0.9299500900332226,0.19249424294551115,0.17209215269993705,0.06117030093971193,0.03588706665662341,0
0.11385188818232181,0.06532797527861078,0.05777585519746455,0.030193772502744305,0.026116950298633083,0
0.3097279510876913,0.1265955087434224,0.10483864534210298,0.04083044528578823,0.027910193072107105,0
0.29617975994354445,0.15627836727881517,0.13847704032395403,0.045890212930644686,0.023167147931115684,0
0.2422039854639813,0.1443808025893524,0.1600842651387121,0.044107988673795014,0.022363551890108496,0
0.2745097152109892,0.13982649686718435,0.1220515616998952,0.04272462604710089,0.024116905917341523,0
0.3053146166528833,0.15231544834387234,0.12953582869532523,0.04632637029551475,0.02419445805389098,0
0.3084229781436162,0.16853676978517793,0.14309039490835807,0.04785861210239992,0.022842125972856293,0
0.5298114762643307,0.16071051361422006,0.11938726560762335,0.04708928794714207,0.031227091021806493,0
0.2531597771949882,0.15503280143853493,0.16143777196316744,0.042656628868914276,0.021776385200745502,0
0.08650485154803295,0.04074208693032809,0.036359514425413346,0.022182123007120982,0.0209125075798424,0
0.3487804094133897,0.12132633792211703,0.07692675390800721,0.03717903905669447,0.016523153158610606,0
1.7814752547051764,0.12903586380306187,0.09925153560053887,0.04673779747355057,0.02529673892051169,0
0.2516363817916192,0.09395672515836818,0.059477765031665374,0.027907684204025854,0.013975673267736525,0
5.258253078983023,1.5868898641489084,0.6757228740465447,0.5421406684286713,0.5950637580905931,0
0.349369659893835,0.10400792493889323,0.08513152064045973,0.03781977541359571,0.019699086513239542,0
0.6508018961262363,0.15747918794998372,0.10264131800096507,0.07894415432817867,0.059615199966020924,0
0.5541578685056154,0.14955655287430303,0.10451880284981738,0.05014275164397185,0.024792208972163027,0
2.0216544026105145,0.2132382051283434,0.1477875838342831,0.05485890679724549,0.02612110422206642,0
0.49997308718386374,0.18398817271766504,0.11972807088671991,0.07271460819230952,0.03482134341323765,0
0.3756931809334699,0.13408916197195161,0.09415476921521027,0.041822086042066955,0.017987616723480142,0
0.7799620023667981,0.1427610260510632,0.094866673139596,0.050359834589773084,0.025872326250434303,0
0.9007814532357798,0.10551710979632875,0.0639768606856227,0.029583270709532455,0.016025484576105017,0
0.5616699363652101,0.15462298555845394,0.09909731691599274,0.05408571711462074,0.027298401542544287,0
0.4289528219622063,0.13489459653861235,0.11018167101905021,0.046452367475972464,0.020877089901850495,0
1.3168886202986845,0.21087681481355836,0.14830131048267844,0.054186002205501425,0.02602491258389354,0
0.4368944406616866,0.1281646749506327,0.11459266684554112,0.04562149322224636,0.023254570397155134,0
1.5331800938751456,0.1965979827094957,0.1368389554572389,0.06496537231963202,0.03323332275003136,0
0.408141267806647,0.13513346501000534,0.10873384604593517,0.04578958865719574,0.020063767541394665,0
0.5724848820171085,0.14136998698561506,0.0974375483298401,0.06620159348804852,0.05194447173308931,0
0.4036704968271975,0.12958670898058844,0.09519065109291626,0.044014121392586016,0.0182495143225003,0
0.16068287962671285,0.030298390506238088,0.020740202369218266,0.019843474546398385,0.021584580711616484,0
0.48839991000850647,0.09017430187950627,0.17098735100889104,0.06443936515994095,0.02583277366484048,0
0.6117969610742985,0.05794759268815273,0.05366244247200918,0.03295048394199364,0.022348422348066936,0
0.5710018665892278,0.0834266525722254,0.13079181204919427,0.05705021916624548,0.023543038680458796,0
0.46476399577356897,0.03544654009306075,0.052498550378482285,0.02942529833514746,0.015964261169875052,0
0.5995361659156606,0.07737828723454876,0.07935713008210712,0.05377526106075038,0.053331797992906244,0
0.5451320282214889,0.08301285995171623,0.11929262866828548,0.05569525061633761,0.030497145921155794,0
0.5293017448479908,0.054288402850705,0.08819376145852777,0.0464307327814933,0.02497009045557161,0
0.5516531591634759,0.08887755519377975,0.17457127471739997,0.06563961290001409,0.028761991598408535,0
0.985701571093623,0.09775313159486264,0.14176107236200558,0.061530551837310335,0.030797665020236384,0
0.396485013537154,0.06156532519325248,0.10956655496377085,0.04864263183834618,0.017571813985101558,0
0.9622468389659582,0.08866673965681912,0.1531741980608582,0.06284152916554286,0.029999397691762474,0
0.5623768616728565,0.07225102774259669,0.08992734340505572,0.049359248995567005,0.034414423014776936,0
0.7029806022120302,0.08841245466667558,0.10086611016322039,0.05245990748640274,0.03247679780123655,0
0.5912453234100447,0.032714478334934315,0.03591800754650783,0.022449677628226736,0.014208017483624052,0
0.4207832888339641,0.07055654683005771,0.13062575269953072,0.05763966420305498,0.024331595410522634,0
0.5399072608858382,0.03884168750888382,0.03469326280223833,0.023914640224994826,0.02201259357538937,0
0.8626525780721184,0.05828808027250473,0.0664809897779649,0.042348525249160995,0.02915591049452785,0
0.4772943799899191,0.0322058187028911,0.03706532694270708,0.023025538431002614,0.014780680046205304,0
1.0309839027995853,0.07034711276124021,0.06648265118454194,0.04356135458674117,0.029483435663298276,0
0.5012574060915577,0.06177930203676894,0.10418938931527287,0.047215004685001304,0.020664872314839322,0
0.6067927286279464,0.10787952461946305,0.1347932234305642,0.06323428040056338,0.031608273251027746,0
0.3007530266606425,0.12476002416904144,0.08399041134858015,0.033759471169236034,0.01866098224495199,0
0.6157906693797408,0.08344276988793772,0.055244922057885525,0.031134607981707044,0.026196913155208616,0
0.2821163909920279,0.10129831289150805,0.07308151993624436,0.03200095683651249,0.023140177859902324,0
0.12284803645801726,0.047899443890888016,0.03447868688955161,0.017598817123637003,0.017947913020740655,0
0.40737400965008286,0.09514570134800684,0.06086504451550766,0.0453875962118899,0.049661655376505354,0
0.3772642206903405,0.1068539787653485,0.06761330380358908,0.03571098492157608,0.03223479735391062,0
0.29900515719699106,0.08614946466034994,0.05781567972758654,0.03036619932065858,0.03133348854667723,0
0.31800847322729275,0.1304935107312723,0.08159716111505586,0.033266634203476926,0.017978881400423682,0
0.48030553868987164,0.12492771297491571,0.07580274207074002,0.04413962115172795,0.03741543378150048,0
0.22792408138380513,0.07614250865214996,0.05461635011386367,0.023726244879806395,0.016269279117982694,0
0.35848901294932045,0.12709632096892856,0.08358091436404025,0.03347574834487956,0.02355360156872656,0
0.23960901376792357,0.09308210524500155,0.0628262541259579,0.04218987780766974,0.04654643632851101,0
0.5439689602073252,0.10713747305717948,0.06738339501152703,0.038501166613281484,0.03531460288965835,0
0.2397621131732884,0.05987945838635885,0.041649491142519576,0.01626582729220251,0.012251827331738172,0
0.3002445642545538,0.09651999514640833,0.0641109284119217,0.02672863889670777,0.01891258272806523,0
0.22779986105581923,0.05008994781382539,0.04036540734718566,0.036595319799724885,0.042176155219314185,0
0.4009984793843791,0.09829206874900598,0.06458429973924475,0.05890565304726793,0.07211417720450482,0
0.13736207473663234,0.04517158880305398,0.0345547611644313,0.015487323630803946,0.010307872311095027,0
0.6034447679510623,0.08834425689572606,0.059960873526981165,0.04187087516581509,0.043843385834252444,0
0.23083294851148098,0.07369935193402968,0.049419673631496,0.022112464223140414,0.01293259960749276,0
0.571183960647527,0.1148366990656683,0.07593823539458036,0.03972876241373177,0.032267831127590206,0
0.4022084472215268,0.07355876148203809,0.09985384207869853,0.040650966543096,0.013673972483332665,0
0.9696776700339093,0.13698809281296534,0.0732378472119979,0.055972273916377525,0.052375240119368956,0
0.18150055064651546,0.06519087047084443,0.09071510426528838,0.03732393604944593,0.012247993565431088,0
0.09400020841760964,0.034169686254809845,0.04126376787636361,0.017209915076455244,0.0067806813930038,0
0.2523988749099501,0.08861969483731583,0.11167035373658835,0.03481955722594628,0.015520706767571939,0
0.2329186347776936,0.09085864448373422,0.10454009993085922,0.04215753248173605,0.017686253223958205,0
0.1324649874143647,0.056439414769052614,0.06538098685876813,0.03734987416712723,0.013127826795034974,0
0.3263879919557116,0.07289442921646601,0.09806188264518145,0.04318170681483312,0.014357077254518683,0
0.26285534694443546,0.0999477729423904,0.12020665964000628,0.049563732203078664,0.029522770325748977,0
0.1200249356578541,0.041770710861592036,0.048843035141155906,0.026499196832659545,0.007320567312509907,0
0.2083693404621469,0.07648207080363119,0.09540390635887948,0.042790326845285734,0.01581963486126059,0
0.20182131614933824,0.07445444632906412,0.09888997570979136,0.03437556083096363,0.013128121695330855,0
0.2752755217366732,0.10069428181233789,0.10253716127322832,0.04004295117657307,0.019324151161778724,0
0.21333242838265573,0.046111377499966466,0.037473349244540544,0.023302919772676397,0.008328718721791327,0
0.15402036941478892,0.05870423769650261,0.07069337003692233,0.038049759680394514,0.010632317470292526,0
0.26596910267235785,0.06077181671827855,0.0622136101431451,0.035788960365224075,0.028626055791596154,0
0.233544412881683,0.07154193131118257,0.06878657148763159,0.04377004054495182,0.029649160299801636,0
0.06161120547275324,0.025151253816635136,0.02699857542458027,0.016056355351953353,0.005463531417314604,0
1.0421197805012101,0.15265215260539997,0.07710336859815228,0.05181168019505586,0.04645281752067271,0
0.12705514418268668,0.04170956666534914,0.045634205088353225,0.025221498661947627,0.0077317723360065165,0
0.24670548231380313,0.08973939934222455,0.1125340347657699,0.04516287259954926,0.022433914837379148,0
0.5844658378446204,0.18131089699500738,0.0697283676355046,0.06275562474127554,0.07437715867575619,0
1.2478021905260346,0.25378617608592635,0.08010003059200388,0.06372806434851215,0.07326287935664123,0
0.38209740376548623,0.12258126473304097,0.052865121399604705,0.055260407591492776,0.06672417361888618,0
0.6326625023895861,0.2423425267569088,0.08244522790754416,0.06539616250539822,0.07531307303586393,0
0.7485415777728778,0.18319557654033497,0.07274495042068682,0.06539933269341673,0.0777903950898733,0
0.8069055284007922,0.29208288595080534,0.08654195685169437,0.07279907432274647,0.0864084365930588,0
0.8980699687211713,0.34055427042350295,0.09372752680511498,0.06835720541327253,0.07916361935385573,0
0.6940587540327282,0.2448436026171949,0.08031168244400919,0.06741332488305161,0.07986354823251643,0
0.9653048833120708,0.22831570956137737,0.07846673547077551,0.07811693438117787,0.09505470152307602,0
0.6400312522546168,0.2201712516435221,0.08029982818791671,0.06415774792598672,0.074010975494949,0
0.7233925316436498,0.28334685260328696,0.08394099351483443,0.07056578974599152,0.08512347831754005,0
0.4973754312637382,0.13893684512238613,0.058257484533020945,0.05966968797332384,0.07158082427886125,0
1.1655003234751635,0.3010276147591637,0.094864197606795,0.07033710014969963,0.08062126118478438,0
0.8852859990998343,0.3093889990109984,0.0888160612590305,0.06471926709592413,0.07393438808047613,0
0.795262540547717,0.31350286507372044,0.0917313346626135,0.06867230469768378,0.08077983277110329,0
0.8063551914790008,0.25620139152453414,0.08228828883366807,0.06438736175235124,0.07432076730860399,0
1.0286726499311827,0.3281352427932968,0.09153064916824522,0.06686773456448185,0.07713992120033787,0
0.80364284811775,0.3082783314422261,0.09135124953688248,0.06510031770024961,0.07506048548150372,0
1.3745829345604643,0.3001556679329341,0.0865566255369482,0.06516297393027404,0.0764521847198357,0
0.7655963162191048,0.27989357659012226,0.09227782261742445,0.06537953305700758,0.07484374632682014,0
0.4364290573107975,0.06183795550447231,0.04082399951005864,0.05263694576880359,0.05611950971319262,0
1.144184050005976,0.13270070365599093,0.1442420789335258,0.05429760952948156,0.029189042570143743,0
0.5189078394559752,0.12732249116369762,0.1267347771709101,0.08498420910079131,0.052826213143428044,0
0.20858540308473433,0.09397508258771455,0.11391121472091452,0.0512018059172733,0.03433341745942389,0
0.30029052657263167,0.1411768152291605,0.14653550411141833,0.07301089263250331,0.04391240067182257,0
0.4099202926488043,0.10881641094527866,0.10712823945635212,0.061520321251491844,0.03722178073786783,0
0.29026208902486006,0.1531426898536003,0.15067736070879367,0.0646428896485443,0.0356978692991896,0
0.3404770434861024,0.16448087730571398,0.17512469342883527,0.07985869332000986,0.03163703559481661,0
0.6080341054500198,0.13838676540928488,0.16675757128700835,0.05841551214541725,0.028245538088184544,0
0.5259745173777888,0.12149702571084187,0.12160764997661208,0.05207823204739946,0.028513758704346404,0
0.29512839896964926,0.14202983987713189,0.1603556914400996,0.068892127898418,0.03336296960515532,0
0.2701169451589401,0.1377067594620255,0.1604296096830982,0.05991263439489547,0.027822496411610803,0
0.2242809605633397,0.0869274909580134,0.09002085860794859,0.04693471511700889,0.03680335249108046,0
0.5105952781033265,0.14494910464880895,0.13733711062311696,0.06790353899611298,0.0327123834566867,0
0.35469005207007087,0.16195219163138735,0.16164148436907394,0.07836662958370759,0.03251643477962979,0
0.37695204980394903,0.16078669478546515,0.18786778063467285,0.07618358950922262,0.02907495060258184,0
0.3126588648909129,0.13912306052294418,0.13999625816174668,0.07899195167631623,0.04378115182242921,0
0.3739875631855217,0.16479373407252101,0.16665723487021,0.08150643281553495,0.031629103542538936,0
0.36485130000366295,0.1689442276354955,0.17074245897945228,0.0810913417143943,0.029040946171573302,0
0.528246470418912,0.13883032212060073,0.1373680359068943,0.07358722529658919,0.037592507600928415,0
0.45852277939762215,0.16449942334520934,0.17435177716007344,0.07340606356159635,0.032075423481847797,0
0.33250878856929755,0.03521786109345966,0.030089479426147647,0.0214198359175365,0.02103372720139464,0
0.5442846913985375,0.1367432278133427,0.13319837156452607,0.036916172960870554,0.024283635197679575,0
0.5567330206736751,0.1194031525643382,0.11193122378750897,0.03376911925043834,0.026651501449106975,0
0.4040282072700757,0.13116554701395275,0.1274636065811134,0.0360922230607136,0.024681204647822648,0
0.22465895643767195,0.08072494724265973,0.08045357736574028,0.025992069943097267,0.018782316904208344,0
0.5495100666148202,0.13419038679695874,0.12611301063825675,0.06438144900335616,0.07561620191241698,0
0.5539720110912985,0.171145464599664,0.16101770163710907,0.05418165295357377,0.0507188298264465,0
0.44185076257908623,0.1299223546625195,0.12644496012553397,0.039257018295434556,0.034936952776840606,0
0.4577321526413464,0.14494646398868635,0.1395054915978568,0.03779545800208456,0.024498610256925967,0
0.9635043746610034,0.18161146178584736,0.16725507755546165,0.06277809677741372,0.04759599317566361,0
0.2785302744929644,0.10636437803432335,0.10648934186120321,0.03089602051469551,0.018659938265555974,0
0.46639075026554,0.16523402531559833,0.1566886415575976,0.04350223463178315,0.032510132776403834,0
0.4950082810854431,0.1329092116771432,0.12530363243715256,0.04349056427319194,0.040776419090795414,0
0.6017256555949465,0.16776328283513026,0.16040019532710934,0.06767552934094255,0.07307074444652463,0
0.1976963627545391,0.06166501399524362,0.05629394309916761,0.0187497315155959,0.014956022247990168,0
0.4293069985281226,0.13780609287893045,0.13298181047433524,0.03884295791435905,0.031174029570428717,0
0.301224124509735,0.05997848891186649,0.05789386095719669,0.0369852024545557,0.045301966766146506,0
0.40593030848767475,0.13113567770953793,0.12886884641470267,0.03874915912527023,0.03509931949770094,0
0.3277774357639499,0.09021839099973517,0.09344969952064666,0.030067082243214353,0.017008153728363687,0
0.5896563317569183,0.1435698886990628,0.1373769021248901,0.03638076731554308,0.027834957519499073,0
0.35408771758948887,0.11889593720029748,0.11564198898605874,0.03349235157846578,0.020889093715413247,0
0.5518085222295445,0.15267027901855595,0.14421373467126866,0.053783684395124896,0.04314018143535553,0
0.4213658825457782,0.20047203489127152,0.17479222553156512,0.08024723451188079,0.022722403048201955,0
0.48828191384443587,0.13622023277957315,0.1102881465956935,0.07588709591639602,0.04405056221571298,0
0.38276633905644974,0.16465197244588903,0.16092830783213372,0.0775267016551329,0.023246497379186527,0
0.16477500259843803,0.06740191116944008,0.06999155482523017,0.040783408433716854,0.019525874383294648,0
0.566687473570011,0.13420729756390656,0.1224453816043102,0.06756244669829628,0.03231091444672923,0
0.3791998960081447,0.1409966283187558,0.13791806361510148,0.0760896008175701,0.02509455680255186,0
0.22633122035442022,0.08961019572663453,0.09969115508906952,0.06161618265856859,0.016608207908640794,0
0.43575672465985626,0.21286486949641772,0.19032324784017007,0.08165707419705603,0.023097678113326345,0
0.5066196059200986,0.18916873235483703,0.15991977798190946,0.08735427916841756,0.033261794399215755,0
0.2933740572576947,0.12640180435757845,0.12318164793232728,0.06609970460440895,0.018860309707632163,0
0.3952754949363451,0.16413707983220022,0.16198387874600062,0.0795227029450022,0.022955002253428412,0
0.33663629068312295,0.13546884918022248,0.13993013468958293,0.07338748750606383,0.038147565880130525,0
0.6437392623777273,0.15689403771179697,0.1313063629001951,0.07543065296275207,0.026011116207352775,0
0.19559326289734857,0.06995356894079395,0.0671090524917369,0.041533538231078415,0.012534984662263951,0
0.32902138930529795,0.12229562716082021,0.12261264554168608,0.06888733671495997,0.01889599334602823,0
0.19970774308503597,0.06736064903852977,0.056524015321871214,0.0392354405610671,0.016837914740218757,0
0.3566075077577605,0.11565328872684086,0.10602458236561693,0.0671657238595573,0.024572053042943673,0
0.15835209874701453,0.0650576229458564,0.057382818012319786,0.044148524901522414,0.010689001980987687,0
0.5329563983420398,0.14835644752869823,0.11874262073212638,0.07921276303175231,0.041237571470000116,0
0.30490384398076265,0.13474505701408898,0.12191854064591245,0.06483806660952231,0.018028929825981803,0
0.45814035907611955,0.17931988173567565,0.1581824518969756,0.08186164864141338,0.031971519129176555,0
0.3125218337313965,0.072410132576241,0.04829507272070207,0.01551501787953818,0.00446514137225247,0
0.3348588178673217,0.06254295009684603,0.04089933514896769,0.018498505255942148,0.012302908684271818,0
0.2752087739340139,0.07162767704739921,0.04777054060950013,0.01564656599942473,0.003927648331539814,0
0.19196657991948693,0.04669505073862512,0.030390561760932976,0.009421431824022393,0.0026923259021716,0
0.3659446252672013,0.06364414660222345,0.04039198370507749,0.012754431079501957,0.003646974175646323,0
0.4583600631368218,0.08105319930995492,0.05595313652887606,0.01806115843391791,0.00430800808175219,0
0.3685632835500103,0.07097838592882719,0.050808380717909586,0.016225680314080535,0.0038872485777313903,0
0.3610914749523548,0.07204520518599988,0.049168659229139954,0.015414748800772596,0.004101723189831751,0
0.44355903398188945,0.088986677379133,0.06309426754719787,0.02158219237257045,0.005240433191157217,0
0.223745806604969,0.060761356633500616,0.0390407501215414,0.012483613575505769,0.0037755220006019437,0
0.40778048971018105,0.07705703750949018,0.05298273998106019,0.016487511573041583,0.00421382748481024,0
0.2881807360522989,0.06940051462381253,0.046142903884142765,0.014654819911928012,0.0038648622923981345,0
0.5278340730632393,0.08467738641051338,0.06013705331104306,0.022329813818845808,0.004831789083946248,0
0.18081529168195515,0.03648559407403957,0.026293636199831893,0.00906081222485562,0.003258910078585868,0
0.361080113729243,0.07069893790182619,0.04914177027468192,0.015411727305059053,0.0039708863748708755,0
0.21801185677178608,0.037999480019343966,0.024461625352719677,0.008123404412907263,0.0025937837772234754,0
0.3891474811059985,0.07275629104879063,0.053869624246793084,0.020967615159738686,0.009081795872335315,0
0.19515956972990173,0.03890376959189202,0.027237019300676676,0.007654089321173491,0.0028684803228063733,0
0.3869634047920153,0.0690388366867493,0.049170265337625446,0.02875647008075588,0.021729649088050175,0
0.2770075580128806,0.0594852114873711,0.04053805521430759,0.012613726164627873,0.0043047203485120445,0
0.3493980868576737,0.081083550348093,0.05696456070168768,0.01915887868595575,0.004663574740126639,0
0.506180332584742,0.01902945661780295,0.008571532962715463,0.003486453743541565,0.0021403390185022802,0
0.5727985008288901,0.02169632308555965,0.009264444867275023,0.0035967570528402846,0.00208121619322772,0
0.5033917504788817,0.01962213103197151,0.009903562360908478,0.004550626693307507,0.0021953891293929224,0
0.5303090555531861,0.020066428427431733,0.008429299616767758,0.002928181258697076,0.0017738870072533468,0
0.5102131617798942,0.020598012182972934,0.01135683748429583,0.005315024875618739,0.002140382190578849,0
0.5998797179869145,0.02580647867249623,0.015308682745016528,0.00817172493723251,0.002685032708225163,0
0.6148124552409641,0.03472848811813499,0.013933579812533,0.005413143917487101,0.0022426283688353906,0
0.5133390280765641,0.019856116124731153,0.009045119046651824,0.00369904266069088,0.002505619067131551,0
0.5103250084586103,0.025927583758639756,0.01916663441607218,0.01075978330414921,0.003587831828265298,0
0.5369602042096882,0.019569374118793705,0.00930916961422284,0.003070443650530197,0.0019023473331660717,0
0.5186143521877175,0.023426029555704657,0.012461486146482039,0.00565530279031807,0.0024888333659989596,0
0.5070075796346944,0.01990371685919013,0.01083071501606336,0.004993376708705954,0.0020459201767960254,0
0.6252255192782875,0.04323537170917022,0.01872719749399385,0.009137801591799022,0.0028405474242285964,0
0.529461608975927,0.019754887614695855,0.009124670260588491,0.003526292845546062,0.0018605471378483121,0
0.5106814064536994,0.020458005607666422,0.01029520605899928,0.00415986848194527,0.002114213109602608,0
0.5926741569821632,0.029930320942636365,0.011535821902811806,0.0039600565167744696,0.0019892795585258927,0
0.5367853472551731,0.0212627648279251,0.011912781556866675,0.005559121324342886,0.0021623051093223565,0
0.5303133585406092,0.021345776936067318,0.010186845470654802,0.0037329544860557635,0.002303733118343604,0
0.5036347991890501,0.020332894704700184,0.01163516668805574,0.005757935760387316,0.00233598723163439,0
0.5224832580110481,0.021383981977909982,0.009154874187160784,0.0033236249514114954,0.0019669633180325746,0
0.5128455608258973,0.02343486017191463,0.017188336402495067,0.010202716916428033,0.003009435978397861,0
0.4164733028191334,0.2174595079614287,0.1079231700915404,0.05249244027240716,0.02717006191204104,0
1.6241477629729326,0.8129725835629965,0.36482459889342816,0.16439590960503364,0.08156053220225778,0
1.1409057146681607,0.6117364095576819,0.27807074187454234,0.1284502613058479,0.06325298588589197,0
0.7222333281224959,0.38527639328092494,0.19033224039199007,0.09148742401082792,0.04490134438597032,0
0.2821318240030573,0.10786690488422977,0.08538881295459308,0.04881301969477314,0.024264228730143056,0
0.38013812445571005,0.20390246940759735,0.1364240911850979,0.07500983108874379,0.028416851465835433,0
0.3487769947574257,0.17753337877218375,0.12556738313274346,0.06659421407447026,0.025476212694836665,0
1.912863923900687,1.0107372470625542,0.4658838762916501,0.18682865050250025,0.0889140718078643,0
0.8154604770279489,0.4478948170095549,0.23418090804414476,0.11909925090690082,0.04848894602747213,0
0.8007880700052608,0.42746734299227296,0.20359220228820915,0.09609470841555959,0.046320346544680015,0
2.9373625019524754,0.5962546234117165,0.3753687761661254,0.17241247195694692,0.08161361419855315,0
0.7022727082955635,0.37411017485639103,0.17638334058181857,0.08462574595020768,0.044456189507305476,0
2.8854770097138704,0.6286657276280092,0.39259752516711344,0.1738798486287908,0.08337177139264759,0
1.6371076197563428,0.8753354210012932,0.3877242462313812,0.17229795962782193,0.0828623113675822,0
0.6399697304482549,0.3445035789043244,0.17734607228611615,0.08660773306613473,0.03809707331533746,0
0.6267497160244488,0.3153012013338155,0.16450981698390152,0.08276715877924284,0.0427982625194953,0
0.9144971457018635,0.47824341942792814,0.2358869942184272,0.11430661557755892,0.05316560406307001,0
1.387417872793352,0.7443655930076575,0.34362151431423926,0.15726443174551383,0.07309960973139099,0
0.7691968066151776,0.3068794190429096,0.16885558319101662,0.08720486569613016,0.0384507730872852,0
1.013155206208373,0.5438474751282183,0.2587386573926055,0.12256626006870938,0.05802802413788269,0
1.5872746399657656,0.8605288085666463,0.3717097163671746,0.1629665124943673,0.0808748464148855,0
